label,tag,final_embedding
Feed Product Type,shoes,
Product ID Type - [ shoes ],GTIN,
Product ID Type - [ shoes ],EAN,
Product ID Type - [ shoes ],GCID,
Product ID Type - [ shoes ],UPC,
Product ID Type - [ shoes ],ASIN,
Recommended Browse Nodes - [ shoes ],1983550031,
Heel Type - [ shoes ],Block Heel,
Heel Type - [ shoes ],Platform Heel,
Heel Type - [ shoes ],Cone Heel,
Heel Type - [ shoes ],No Heel,
Heel Type - [ shoes ],Kitten Heel,
Heel Type - [ shoes ],Comma Heel,
Heel Type - [ shoes ],Flat,
Heel Type - [ shoes ],Stiletto Heel,
Heel Type - [ shoes ],Wedge Heel,
Heel Type - [ shoes ],Flare Heel,
Heel Type - [ shoes ],French Heel,
Outer Material Type - [ shoes ],Faux Fur,
Outer Material Type - [ shoes ],Polyurethane (PU),
Outer Material Type - [ shoes ],Faux Leather,
Outer Material Type - [ shoes ],Fur,
Outer Material Type - [ shoes ],Hemp,
Outer Material Type - [ shoes ],Polyester,
Outer Material Type - [ shoes ],Nylon,
Outer Material Type - [ shoes ],Canvas,
Outer Material Type - [ shoes ],Leather,
Outer Material Type - [ shoes ],Mesh,
Outer Material Type - [ shoes ],Shearling,
Outer Material Type - [ shoes ],Cotton,
Outer Material Type - [ shoes ],Suede,
Outer Material Type - [ shoes ],Ethylene Vinyl Acetate (EVA),
Outer Material Type - [ shoes ],Polyvinyl Chloride (PVC),
Outer Material Type - [ shoes ],Neoprene,
Outer Material Type - [ shoes ],Faux Suede,
Outer Material Type - [ shoes ],Linen,
Outer Material Type - [ shoes ],Denim,
Outer Material Type - [ shoes ],Rubber,
Outer Material Type - [ shoes ],Wool,
Outer Material Type - [ shoes ],Acrylic,
Closure Type - [ shoes ],Lace-Up,
Closure Type - [ shoes ],Hook & Loop,
Closure Type - [ shoes ],Pull On,
Closure Type - [ shoes ],Bungee,
Closure Type - [ shoes ],Double Ring,
Closure Type - [ shoes ],Buckle,
Closure Type - [ shoes ],Zipper,
Footwear Size System - [ shoes ],UK Footwear Size System,
Shoe Size Age Group - [ shoes ],Adult,
Shoe Size Age Group - [ shoes ],Big Kid,
Shoe Size Age Group - [ shoes ],Little Kid,
Shoe Size Age Group - [ shoes ],Toddler,
Shoe Size Age Group - [ shoes ],Infant,
Shoe Size Class - [ shoes ],Numeric,
Shoe Size Class - [ shoes ],Numeric Range,
Shoe Size Class - [ shoes ],Alpha,
Shoe Size Class - [ shoes ],Alpha Range,
Shoe Size Class - [ shoes ],Age,
Shoe Size Class - [ shoes ],Age Range,
Shoe Size Width - [ shoes ],Medium,
Shoe Size Width - [ shoes ],Narrow,
Shoe Size Width - [ shoes ],Wide,
Shoe Size Width - [ shoes ],X-Narrow,
Shoe Size Width - [ shoes ],X-Wide,
Shoe Size Width - [ shoes ],XX-Narrow,
Shoe Size Width - [ shoes ],XX-Wide,
Shoe Size Width - [ shoes ],3X-Narrow,
Shoe Size Width - [ shoes ],3X-Wide,
Shoe Size - [ shoes ],0,
Shoe Size - [ shoes ],0.5,
Shoe Size - [ shoes ],1,
Shoe Size - [ shoes ],1.5,
Shoe Size - [ shoes ],2,
Shoe Size - [ shoes ],2.5,
Shoe Size - [ shoes ],3,
Shoe Size - [ shoes ],3.5,
Shoe Size - [ shoes ],4,
Shoe Size - [ shoes ],4.5,
Shoe Size - [ shoes ],5,
Shoe Size - [ shoes ],5.5,
Shoe Size - [ shoes ],6,
Shoe Size - [ shoes ],6.5,
Shoe Size - [ shoes ],7,
Shoe Size - [ shoes ],7.5,
Shoe Size - [ shoes ],8,
Shoe Size - [ shoes ],8.5,
Shoe Size - [ shoes ],9,
Shoe Size - [ shoes ],9.5,
Shoe Size - [ shoes ],10,
Shoe Size - [ shoes ],10.5,
Shoe Size - [ shoes ],11,
Shoe Size - [ shoes ],11.5,
Shoe Size - [ shoes ],12,
Shoe Size - [ shoes ],12.5,
Shoe Size - [ shoes ],13,
Shoe Size - [ shoes ],13.5,
Shoe Size - [ shoes ],14,
Shoe Size - [ shoes ],14.5,
Shoe Size - [ shoes ],15,
Shoe Size - [ shoes ],15.5,
Shoe Size - [ shoes ],16,
Shoe Size - [ shoes ],16.5,
Shoe Size - [ shoes ],17,
Shoe Size - [ shoes ],17.5,
Shoe Size - [ shoes ],18,
Shoe Size - [ shoes ],18.5,
Shoe Size - [ shoes ],19,
Shoe Size - [ shoes ],19.5,
Shoe Size - [ shoes ],20,
Shoe Size - [ shoes ],0 Months,
Shoe Size - [ shoes ],3 Months,
Shoe Size - [ shoes ],6 Months,
Shoe Size - [ shoes ],9 Months,
Shoe Size - [ shoes ],12 Months,
Shoe Size - [ shoes ],15 Months,
Shoe Size - [ shoes ],18 Months,
Shoe Size - [ shoes ],21 Months,
Shoe Size - [ shoes ],24 Months,
Shoe Size - [ shoes ],2 Years,
Shoe Size - [ shoes ],2.5 Years,
Shoe Size - [ shoes ],3 Years,
Shoe Size - [ shoes ],3.5 Years,
Shoe Size - [ shoes ],4 Years,
Shoe Size - [ shoes ],4.5 Years,
Shoe Size - [ shoes ],5 Years,
Shoe Size - [ shoes ],One Size,
Shoe Size - [ shoes ],3X-Small,
Shoe Size - [ shoes ],XX-Small,
Shoe Size - [ shoes ],X-Small,
Shoe Size - [ shoes ],Small,
Shoe Size - [ shoes ],Medium,
Shoe Size - [ shoes ],Large,
Shoe Size - [ shoes ],X-Large,
Shoe Size - [ shoes ],XX-Large,
Shoe Size - [ shoes ],3X-Large,
Water Resistance Level - [ shoes ],Not Water Resistant,
Water Resistance Level - [ shoes ],Water Repellent,
Water Resistance Level - [ shoes ],Waterproof,
Water Resistance Level - [ shoes ],Water Resistant,
Style Name - [ shoes ],Brogue,
Style Name - [ shoes ],Tap,
Style Name - [ shoes ],Drivers,
Style Name - [ shoes ],Platform,
Style Name - [ shoes ],Ballroom,
Style Name - [ shoes ],Espadrille,
Style Name - [ shoes ],Oxfords,
Style Name - [ shoes ],Clogs,
Style Name - [ shoes ],Mid-Top,
Style Name - [ shoes ],Loafers,
Style Name - [ shoes ],Boat Shoes,
Style Name - [ shoes ],Monk,
Style Name - [ shoes ],Slingback,
Style Name - [ shoes ],Mary Jane,
Style Name - [ shoes ],Jazz and Modern,
Style Name - [ shoes ],Watershoes,
Style Name - [ shoes ],Derby,
Style Name - [ shoes ],Mule,
Style Name - [ shoes ],Ballet,
Style Name - [ shoes ],Moccasin,
Style Name - [ shoes ],Stiletto,
Style Name - [ shoes ],Wedges,
Style Name - [ shoes ],Walking,
Style Name - [ shoes ],Pumps,
Style Name - [ shoes ],Sneaker,
Style Name - [ shoes ],Flat,
Style Name - [ shoes ],Wingtip,
Style Name - [ shoes ],Low-Top,
Style Name - [ shoes ],High-Top,
Colour Map - [ shoes ],Beige,
Colour Map - [ shoes ],Black,
Colour Map - [ shoes ],Blue,
Colour Map - [ shoes ],Bronze,
Colour Map - [ shoes ],Brown,
Colour Map - [ shoes ],Clear,
Colour Map - [ shoes ],Gold,
Colour Map - [ shoes ],Green,
Colour Map - [ shoes ],Grey,
Colour Map - [ shoes ],Metallic,
Colour Map - [ shoes ],Multi,
Colour Map - [ shoes ],Multicolor,
Colour Map - [ shoes ],Off White,
Colour Map - [ shoes ],Orange,
Colour Map - [ shoes ],Pink,
Colour Map - [ shoes ],Purple,
Colour Map - [ shoes ],Red,
Colour Map - [ shoes ],Silver,
Colour Map - [ shoes ],Turquoise,
Colour Map - [ shoes ],White,
Colour Map - [ shoes ],Yellow,
Product Lifecycle Supply Type - [ shoes ],Perennial,
Product Lifecycle Supply Type - [ shoes ],Year Round Replenishable,
Product Lifecycle Supply Type - [ shoes ],Seasonal Basic,
Product Lifecycle Supply Type - [ shoes ],Fashion,
Shoe Height Map - [ shoes ],Mid Top,
Shoe Height Map - [ shoes ],High Top,
Shoe Height Map - [ shoes ],Low Top,
Unit Count Type - [ shoes ],Meters,
Unit Count Type - [ shoes ],Pouch,
Unit Count Type - [ shoes ],Grams,
Unit Count Type - [ shoes ],Liters,
Unit Count Type - [ shoes ],Milliliters,
Unit Count Type - [ shoes ],Set,
Unit Count Type - [ shoes ],Kilograms,
Unit Count Type - [ shoes ],Count,
Unit Count Type - [ shoes ],Square Meters,
Unit Count Type - [ shoes ],Case,
Unit Count Type - [ shoes ],Feet,
Unit Count Type - [ shoes ],Can,
Unit Count Type - [ shoes ],Pounds,
Unit Count Type - [ shoes ],Piece,
Unit Count Type - [ shoes ],Ounce,
Unit Count Type - [ shoes ],Pint,
Unit Count Type - [ shoes ],Pack,
Unit Count Type - [ shoes ],Square Feet,
Unit Count Type - [ shoes ],Fluid Ounces,
Country/Region Of Origin - [ shoes ],India,
Country/Region Of Origin - [ shoes ],China,
Country/Region Of Origin - [ shoes ],United States,
Country/Region Of Origin - [ shoes ],Afghanistan,
Country/Region Of Origin - [ shoes ],Aland Islands,
Country/Region Of Origin - [ shoes ],Albania,
Country/Region Of Origin - [ shoes ],Algeria,
Country/Region Of Origin - [ shoes ],American Samoa,
Country/Region Of Origin - [ shoes ],Andorra,
Country/Region Of Origin - [ shoes ],Angola,
Country/Region Of Origin - [ shoes ],Anguilla,
Country/Region Of Origin - [ shoes ],Antarctica,
Country/Region Of Origin - [ shoes ],Antigua And Barbuda,
Country/Region Of Origin - [ shoes ],Argentina,
Country/Region Of Origin - [ shoes ],Armenia,
Country/Region Of Origin - [ shoes ],Aruba,
Country/Region Of Origin - [ shoes ],Australia,
Country/Region Of Origin - [ shoes ],Austria,
Country/Region Of Origin - [ shoes ],Azerbaijan,
Country/Region Of Origin - [ shoes ],Bahamas,
Country/Region Of Origin - [ shoes ],Bahrain,
Country/Region Of Origin - [ shoes ],Bangladesh,
Country/Region Of Origin - [ shoes ],Barbados,
Country/Region Of Origin - [ shoes ],Belarus,
Country/Region Of Origin - [ shoes ],Belgium,
Country/Region Of Origin - [ shoes ],Belize,
Country/Region Of Origin - [ shoes ],Benin,
Country/Region Of Origin - [ shoes ],Bermuda,
Country/Region Of Origin - [ shoes ],Bhutan,
Country/Region Of Origin - [ shoes ],Bolivia,
Country/Region Of Origin - [ shoes ],Bosnia and Herzegovina,
Country/Region Of Origin - [ shoes ],Botswana,
Country/Region Of Origin - [ shoes ],Bouvet Island,
Country/Region Of Origin - [ shoes ],Brazil,
Country/Region Of Origin - [ shoes ],British Indian Ocean Territory,
Country/Region Of Origin - [ shoes ],British Virgin Islands,
Country/Region Of Origin - [ shoes ],Brunei,
Country/Region Of Origin - [ shoes ],Bulgaria,
Country/Region Of Origin - [ shoes ],Burkina Faso,
Country/Region Of Origin - [ shoes ],Burma (Myanmar),
Country/Region Of Origin - [ shoes ],Burundi,
Country/Region Of Origin - [ shoes ],Cambodia,
Country/Region Of Origin - [ shoes ],Cameroon,
Country/Region Of Origin - [ shoes ],Canada,
Country/Region Of Origin - [ shoes ],Cape Verde,
Country/Region Of Origin - [ shoes ],Cayman Islands,
Country/Region Of Origin - [ shoes ],Central African Republic,
Country/Region Of Origin - [ shoes ],Chad,
Country/Region Of Origin - [ shoes ],Chile,
Country/Region Of Origin - [ shoes ],Christmas Island,
Country/Region Of Origin - [ shoes ],Cocos (Keeling) Islands,
Country/Region Of Origin - [ shoes ],Colombia,
Country/Region Of Origin - [ shoes ],Comoros,
Country/Region Of Origin - [ shoes ],Cook Islands,
Country/Region Of Origin - [ shoes ],Costa Rica,
Country/Region Of Origin - [ shoes ],Croatia,
Country/Region Of Origin - [ shoes ],Cuba,
Country/Region Of Origin - [ shoes ],Cyprus,
Country/Region Of Origin - [ shoes ],Czech Republic,
Country/Region Of Origin - [ shoes ],Democratic Republic of the Congo,
Country/Region Of Origin - [ shoes ],Denmark,
Country/Region Of Origin - [ shoes ],Djibouti,
Country/Region Of Origin - [ shoes ],Dominica,
Country/Region Of Origin - [ shoes ],Dominican Republic,
Country/Region Of Origin - [ shoes ],Ecuador,
Country/Region Of Origin - [ shoes ],Egypt,
Country/Region Of Origin - [ shoes ],El Salvador,
Country/Region Of Origin - [ shoes ],Equatorial Guinea,
Country/Region Of Origin - [ shoes ],Eritrea,
Country/Region Of Origin - [ shoes ],Estonia,
Country/Region Of Origin - [ shoes ],Ethiopia,
Country/Region Of Origin - [ shoes ],Falkland Islands,
Country/Region Of Origin - [ shoes ],Faroe Islands,
Country/Region Of Origin - [ shoes ],Fiji,
Country/Region Of Origin - [ shoes ],Finland,
Country/Region Of Origin - [ shoes ],France,
Country/Region Of Origin - [ shoes ],French Guiana,
Country/Region Of Origin - [ shoes ],French Polynesia,
Country/Region Of Origin - [ shoes ],French Southern Territories,
Country/Region Of Origin - [ shoes ],Great Britain,
Country/Region Of Origin - [ shoes ],Gabon,
Country/Region Of Origin - [ shoes ],Gambia,
Country/Region Of Origin - [ shoes ],Georgia,
Country/Region Of Origin - [ shoes ],Germany,
Country/Region Of Origin - [ shoes ],Ghana,
Country/Region Of Origin - [ shoes ],Gibraltar,
Country/Region Of Origin - [ shoes ],Greece,
Country/Region Of Origin - [ shoes ],Greenland,
Country/Region Of Origin - [ shoes ],Grenada,
Country/Region Of Origin - [ shoes ],Guadeloupe,
Country/Region Of Origin - [ shoes ],Guam,
Country/Region Of Origin - [ shoes ],Guatemala,
Country/Region Of Origin - [ shoes ],Guernsey,
Country/Region Of Origin - [ shoes ],Guinea,
Country/Region Of Origin - [ shoes ],Guinea-Bissau,
Country/Region Of Origin - [ shoes ],Guyana,
Country/Region Of Origin - [ shoes ],Haiti,
Country/Region Of Origin - [ shoes ],Heard and McDonald Islands,
Country/Region Of Origin - [ shoes ],Holy See (Vatican City),
Country/Region Of Origin - [ shoes ],Honduras,
Country/Region Of Origin - [ shoes ],Hong Kong,
Country/Region Of Origin - [ shoes ],Hungary,
Country/Region Of Origin - [ shoes ],Iceland,
Country/Region Of Origin - [ shoes ],Indonesia,
Country/Region Of Origin - [ shoes ],Iran,
Country/Region Of Origin - [ shoes ],Iraq,
Country/Region Of Origin - [ shoes ],Ireland,
Country/Region Of Origin - [ shoes ],Isle of Man,
Country/Region Of Origin - [ shoes ],Israel,
Country/Region Of Origin - [ shoes ],Italy,
Country/Region Of Origin - [ shoes ],Ivory Coast,
Country/Region Of Origin - [ shoes ],Jamaica,
Country/Region Of Origin - [ shoes ],Japan,
Country/Region Of Origin - [ shoes ],Jersey,
Country/Region Of Origin - [ shoes ],Jordan,
Country/Region Of Origin - [ shoes ],Kazakhstan,
Country/Region Of Origin - [ shoes ],Kenya,
Country/Region Of Origin - [ shoes ],Kiribati,
Country/Region Of Origin - [ shoes ],Kuwait,
Country/Region Of Origin - [ shoes ],Kyrgyzstan,
Country/Region Of Origin - [ shoes ],Laos,
Country/Region Of Origin - [ shoes ],Latvia,
Country/Region Of Origin - [ shoes ],Lebanon,
Country/Region Of Origin - [ shoes ],Lesotho,
Country/Region Of Origin - [ shoes ],Liberia,
Country/Region Of Origin - [ shoes ],Libya,
Country/Region Of Origin - [ shoes ],Liechtenstein,
Country/Region Of Origin - [ shoes ],Lithuania,
Country/Region Of Origin - [ shoes ],Luxembourg,
Country/Region Of Origin - [ shoes ],Macau,
Country/Region Of Origin - [ shoes ],North Macedonia,
Country/Region Of Origin - [ shoes ],Madagascar,
Country/Region Of Origin - [ shoes ],Malawi,
Country/Region Of Origin - [ shoes ],Malaysia,
Country/Region Of Origin - [ shoes ],Maldives,
Country/Region Of Origin - [ shoes ],Mali,
Country/Region Of Origin - [ shoes ],Malta,
Country/Region Of Origin - [ shoes ],Marshall Islands,
Country/Region Of Origin - [ shoes ],Martinique,
Country/Region Of Origin - [ shoes ],Mauritania,
Country/Region Of Origin - [ shoes ],Mauritius,
Country/Region Of Origin - [ shoes ],Mayotte,
Country/Region Of Origin - [ shoes ],Mexico,
Country/Region Of Origin - [ shoes ],Micronesia,
Country/Region Of Origin - [ shoes ],Moldova,
Country/Region Of Origin - [ shoes ],Monaco,
Country/Region Of Origin - [ shoes ],Mongolia,
Country/Region Of Origin - [ shoes ],Montserrat,
Country/Region Of Origin - [ shoes ],Morocco,
Country/Region Of Origin - [ shoes ],Mozambique,
Country/Region Of Origin - [ shoes ],Namibia,
Country/Region Of Origin - [ shoes ],Nauru,
Country/Region Of Origin - [ shoes ],Nepal,
Country/Region Of Origin - [ shoes ],Netherlands,
Country/Region Of Origin - [ shoes ],New Caledonia,
Country/Region Of Origin - [ shoes ],New Zealand,
Country/Region Of Origin - [ shoes ],Nicaragua,
Country/Region Of Origin - [ shoes ],Niger,
Country/Region Of Origin - [ shoes ],Nigeria,
Country/Region Of Origin - [ shoes ],Niue,
Country/Region Of Origin - [ shoes ],Norfolk Island,
Country/Region Of Origin - [ shoes ],North Korea,
Country/Region Of Origin - [ shoes ],Northern Mariana Islands,
Country/Region Of Origin - [ shoes ],Norway,
Country/Region Of Origin - [ shoes ],Oman,
Country/Region Of Origin - [ shoes ],Pakistan,
Country/Region Of Origin - [ shoes ],Palau,
Country/Region Of Origin - [ shoes ],Palestinian Territory,
Country/Region Of Origin - [ shoes ],Panama,
Country/Region Of Origin - [ shoes ],Papua New Guinea,
Country/Region Of Origin - [ shoes ],Paraguay,
Country/Region Of Origin - [ shoes ],Peru,
Country/Region Of Origin - [ shoes ],Philippines,
Country/Region Of Origin - [ shoes ],Pitcairn Islands,
Country/Region Of Origin - [ shoes ],Poland,
Country/Region Of Origin - [ shoes ],Portugal,
Country/Region Of Origin - [ shoes ],Puerto Rico,
Country/Region Of Origin - [ shoes ],Qatar,
Country/Region Of Origin - [ shoes ],Republic of the Congo,
Country/Region Of Origin - [ shoes ],Reunion,
Country/Region Of Origin - [ shoes ],Romania,
Country/Region Of Origin - [ shoes ],Russia,
Country/Region Of Origin - [ shoes ],Rwanda,
Country/Region Of Origin - [ shoes ],S. Georgia and S. Sandwich Isls.,
Country/Region Of Origin - [ shoes ],Saint Helena,
Country/Region Of Origin - [ shoes ],Saint Kitts And Nevis,
Country/Region Of Origin - [ shoes ],Saint Lucia,
Country/Region Of Origin - [ shoes ],Saint Pierre and Miquelon,
Country/Region Of Origin - [ shoes ],Saint Vincent And The Grenadines,
Country/Region Of Origin - [ shoes ],Saint-Martin,
Country/Region Of Origin - [ shoes ],Samoa,
Country/Region Of Origin - [ shoes ],San Marino,
Country/Region Of Origin - [ shoes ],Sao Tome And Principe,
Country/Region Of Origin - [ shoes ],Saudi Arabia,
Country/Region Of Origin - [ shoes ],Senegal,
Country/Region Of Origin - [ shoes ],Serbia,
Country/Region Of Origin - [ shoes ],Seychelles,
Country/Region Of Origin - [ shoes ],Sierra Leone,
Country/Region Of Origin - [ shoes ],Singapore,
Country/Region Of Origin - [ shoes ],Slovakia,
Country/Region Of Origin - [ shoes ],Slovenia,
Country/Region Of Origin - [ shoes ],Solomon Islands,
Country/Region Of Origin - [ shoes ],Somalia,
Country/Region Of Origin - [ shoes ],South Africa,
Country/Region Of Origin - [ shoes ],South Korea,
Country/Region Of Origin - [ shoes ],Spain,
Country/Region Of Origin - [ shoes ],Sri Lanka,
Country/Region Of Origin - [ shoes ],Sudan,
Country/Region Of Origin - [ shoes ],Suriname,
Country/Region Of Origin - [ shoes ],Svalbard,
Country/Region Of Origin - [ shoes ],Swaziland,
Country/Region Of Origin - [ shoes ],Sweden,
Country/Region Of Origin - [ shoes ],Switzerland,
Country/Region Of Origin - [ shoes ],Syria,
Country/Region Of Origin - [ shoes ],Taiwan,
Country/Region Of Origin - [ shoes ],Tajikistan,
Country/Region Of Origin - [ shoes ],Tanzania,
Country/Region Of Origin - [ shoes ],Thailand,
Country/Region Of Origin - [ shoes ],Timor-Leste,
Country/Region Of Origin - [ shoes ],Togo,
Country/Region Of Origin - [ shoes ],Tokelau,
Country/Region Of Origin - [ shoes ],Tonga,
Country/Region Of Origin - [ shoes ],Trinidad And Tobago,
Country/Region Of Origin - [ shoes ],Tunisia,
Country/Region Of Origin - [ shoes ],Turkey,
Country/Region Of Origin - [ shoes ],Turkmenistan,
Country/Region Of Origin - [ shoes ],Turks And Caicos Islands,
Country/Region Of Origin - [ shoes ],Tuvalu,
Country/Region Of Origin - [ shoes ],Uganda,
Country/Region Of Origin - [ shoes ],Ukraine,
Country/Region Of Origin - [ shoes ],United Arab Emirates,
Country/Region Of Origin - [ shoes ],Uruguay,
Country/Region Of Origin - [ shoes ],US Minor Outlying Islands,
Country/Region Of Origin - [ shoes ],US Virgin Islands,
Country/Region Of Origin - [ shoes ],Uzbekistan,
Country/Region Of Origin - [ shoes ],Vanuatu,
Country/Region Of Origin - [ shoes ],Venezuela,
Country/Region Of Origin - [ shoes ],Vietnam,
Country/Region Of Origin - [ shoes ],Wallis and Futuna,
Country/Region Of Origin - [ shoes ],Western Sahara,
Country/Region Of Origin - [ shoes ],Yemen,
Country/Region Of Origin - [ shoes ],Zambia,
Country/Region Of Origin - [ shoes ],Zimbabwe,
Country/Region Of Origin - [ shoes ],Unknown,
Country/Region Of Origin - [ shoes ],United Kingdom,
Material/Fabric Regulations - [ shoes ],Wool,
Material/Fabric Regulations - [ shoes ],Fur,
Material/Fabric Regulations - [ shoes ],Not Applicable,
Material/Fabric Regulations - [ shoes ],Bamboo,
Target Gender - [ shoes ],Male,
Target Gender - [ shoes ],Female,
Target Gender - [ shoes ],Unisex,
Age Range Description - [ shoes ],Adult,
Age Range Description - [ shoes ],Kid,
Age Range Description - [ shoes ],Baby,
Parentage - [ shoes ],Parent,
Parentage - [ shoes ],Child,
Relationship Type - [ shoes ],Variation,
Variation Theme - [ shoes ],ColorName,
Variation Theme - [ shoes ],Colorsize,
Variation Theme - [ shoes ],Colour & Style,
Variation Theme - [ shoes ],itemweight,
Variation Theme - [ shoes ],Material,
Variation Theme - [ shoes ],MaterialSize,
Variation Theme - [ shoes ],model,
Variation Theme - [ shoes ],model-stylename-partnumber,
Variation Theme - [ shoes ],Size,
Variation Theme - [ shoes ],SizeName,
Variation Theme - [ shoes ],sizecolor,
Variation Theme - [ shoes ],Size-Material,
Variation Theme - [ shoes ],SizeName-ColorName,
Variation Theme - [ shoes ],sizename-stylename,
Variation Theme - [ shoes ],SizeStyle,
Variation Theme - [ shoes ],StyleName,
Variation Theme - [ shoes ],stylename-color,
Variation Theme - [ shoes ],stylename-unitcount,
Update Delete - [ shoes ],Update,
Update Delete - [ shoes ],PartialUpdate,
Update Delete - [ shoes ],Delete,
Sole Material - [ shoes ],Thermoplastic Elastomers,
Sole Material - [ shoes ],Wood,
Sole Material - [ shoes ],Cork,
Sole Material - [ shoes ],Polyurethane,
Sole Material - [ shoes ],Synthetic Rubber,
Sole Material - [ shoes ],Ethylene Vinyl Acetate,
Sole Material - [ shoes ],Rubber,
Sole Material - [ shoes ],Polyvinyl Chloride,
Sole Material - [ shoes ],Jute,
Sole Material - [ shoes ],Thermoplastic Polyurethane,
Heel height unit of measure - [ shoes ],FT,
Heel height unit of measure - [ shoes ],CM,
Heel height unit of measure - [ shoes ],MM,
Heel height unit of measure - [ shoes ],DM,
Heel height unit of measure - [ shoes ],Picometre,
Heel height unit of measure - [ shoes ],µM,
Heel height unit of measure - [ shoes ],M,
Heel height unit of measure - [ shoes ],Miles,
Heel height unit of measure - [ shoes ],Yards,
Heel height unit of measure - [ shoes ],Mils,
Heel height unit of measure - [ shoes ],IN,
Heel height unit of measure - [ shoes ],Nanometre,
Heel height unit of measure - [ shoes ],Hundredths-Inches,
Heel height unit of measure - [ shoes ],Kilometres,
Heel height unit of measure - [ shoes ],Angstrom,
Shoe Size Gender - [ shoes ],Women,
Shoe Size Gender - [ shoes ],Men,
Shoe Size To Range (If Range) - [ shoes ],0,
Shoe Size To Range (If Range) - [ shoes ],0.5,
Shoe Size To Range (If Range) - [ shoes ],1,
Shoe Size To Range (If Range) - [ shoes ],1.5,
Shoe Size To Range (If Range) - [ shoes ],2,
Shoe Size To Range (If Range) - [ shoes ],2.5,
Shoe Size To Range (If Range) - [ shoes ],3,
Shoe Size To Range (If Range) - [ shoes ],3.5,
Shoe Size To Range (If Range) - [ shoes ],4,
Shoe Size To Range (If Range) - [ shoes ],4.5,
Shoe Size To Range (If Range) - [ shoes ],5,
Shoe Size To Range (If Range) - [ shoes ],5.5,
Shoe Size To Range (If Range) - [ shoes ],6,
Shoe Size To Range (If Range) - [ shoes ],6.5,
Shoe Size To Range (If Range) - [ shoes ],7,
Shoe Size To Range (If Range) - [ shoes ],7.5,
Shoe Size To Range (If Range) - [ shoes ],8,
Shoe Size To Range (If Range) - [ shoes ],8.5,
Shoe Size To Range (If Range) - [ shoes ],9,
Shoe Size To Range (If Range) - [ shoes ],9.5,
Shoe Size To Range (If Range) - [ shoes ],10,
Shoe Size To Range (If Range) - [ shoes ],10.5,
Shoe Size To Range (If Range) - [ shoes ],11,
Shoe Size To Range (If Range) - [ shoes ],11.5,
Shoe Size To Range (If Range) - [ shoes ],12,
Shoe Size To Range (If Range) - [ shoes ],12.5,
Shoe Size To Range (If Range) - [ shoes ],13,
Shoe Size To Range (If Range) - [ shoes ],13.5,
Shoe Size To Range (If Range) - [ shoes ],14,
Shoe Size To Range (If Range) - [ shoes ],14.5,
Shoe Size To Range (If Range) - [ shoes ],15,
Shoe Size To Range (If Range) - [ shoes ],15.5,
Shoe Size To Range (If Range) - [ shoes ],16,
Shoe Size To Range (If Range) - [ shoes ],16.5,
Shoe Size To Range (If Range) - [ shoes ],17,
Shoe Size To Range (If Range) - [ shoes ],17.5,
Shoe Size To Range (If Range) - [ shoes ],18,
Shoe Size To Range (If Range) - [ shoes ],18.5,
Shoe Size To Range (If Range) - [ shoes ],19,
Shoe Size To Range (If Range) - [ shoes ],19.5,
Shoe Size To Range (If Range) - [ shoes ],20,
Shoe Size To Range (If Range) - [ shoes ],0 Months,
Shoe Size To Range (If Range) - [ shoes ],3 Months,
Shoe Size To Range (If Range) - [ shoes ],6 Months,
Shoe Size To Range (If Range) - [ shoes ],9 Months,
Shoe Size To Range (If Range) - [ shoes ],12 Months,
Shoe Size To Range (If Range) - [ shoes ],15 Months,
Shoe Size To Range (If Range) - [ shoes ],18 Months,
Shoe Size To Range (If Range) - [ shoes ],21 Months,
Shoe Size To Range (If Range) - [ shoes ],24 Months,
Shoe Size To Range (If Range) - [ shoes ],2 Years,
Shoe Size To Range (If Range) - [ shoes ],2.5 Years,
Shoe Size To Range (If Range) - [ shoes ],3 Years,
Shoe Size To Range (If Range) - [ shoes ],3.5 Years,
Shoe Size To Range (If Range) - [ shoes ],4 Years,
Shoe Size To Range (If Range) - [ shoes ],4.5 Years,
Shoe Size To Range (If Range) - [ shoes ],5 Years,
Shoe Size To Range (If Range) - [ shoes ],One Size,
Shoe Size To Range (If Range) - [ shoes ],3X-Small,
Shoe Size To Range (If Range) - [ shoes ],XX-Small,
Shoe Size To Range (If Range) - [ shoes ],X-Small,
Shoe Size To Range (If Range) - [ shoes ],Small,
Shoe Size To Range (If Range) - [ shoes ],Medium,
Shoe Size To Range (If Range) - [ shoes ],Large,
Shoe Size To Range (If Range) - [ shoes ],X-Large,
Shoe Size To Range (If Range) - [ shoes ],XX-Large,
Shoe Size To Range (If Range) - [ shoes ],3X-Large,
Shoe Size Gender (If Unisex) - [ shoes ],Women,
Shoe Size Gender (If Unisex) - [ shoes ],Men,
Shoe Size Width (If Unisex) - [ shoes ],Medium,
Shoe Size Width (If Unisex) - [ shoes ],Narrow,
Shoe Size Width (If Unisex) - [ shoes ],Wide,
Shoe Size Width (If Unisex) - [ shoes ],X-Narrow,
Shoe Size Width (If Unisex) - [ shoes ],X-Wide,
Shoe Size Width (If Unisex) - [ shoes ],XX-Narrow,
Shoe Size Width (If Unisex) - [ shoes ],XX-Wide,
Shoe Size Width (If Unisex) - [ shoes ],3X-Narrow,
Shoe Size Width (If Unisex) - [ shoes ],3X-Wide,
Shoe Size (If Unisex) - [ shoes ],0,
Shoe Size (If Unisex) - [ shoes ],0.5,
Shoe Size (If Unisex) - [ shoes ],1,
Shoe Size (If Unisex) - [ shoes ],1.5,
Shoe Size (If Unisex) - [ shoes ],2,
Shoe Size (If Unisex) - [ shoes ],2.5,
Shoe Size (If Unisex) - [ shoes ],3,
Shoe Size (If Unisex) - [ shoes ],3.5,
Shoe Size (If Unisex) - [ shoes ],4,
Shoe Size (If Unisex) - [ shoes ],4.5,
Shoe Size (If Unisex) - [ shoes ],5,
Shoe Size (If Unisex) - [ shoes ],5.5,
Shoe Size (If Unisex) - [ shoes ],6,
Shoe Size (If Unisex) - [ shoes ],6.5,
Shoe Size (If Unisex) - [ shoes ],7,
Shoe Size (If Unisex) - [ shoes ],7.5,
Shoe Size (If Unisex) - [ shoes ],8,
Shoe Size (If Unisex) - [ shoes ],8.5,
Shoe Size (If Unisex) - [ shoes ],9,
Shoe Size (If Unisex) - [ shoes ],9.5,
Shoe Size (If Unisex) - [ shoes ],10,
Shoe Size (If Unisex) - [ shoes ],10.5,
Shoe Size (If Unisex) - [ shoes ],11,
Shoe Size (If Unisex) - [ shoes ],11.5,
Shoe Size (If Unisex) - [ shoes ],12,
Shoe Size (If Unisex) - [ shoes ],12.5,
Shoe Size (If Unisex) - [ shoes ],13,
Shoe Size (If Unisex) - [ shoes ],13.5,
Shoe Size (If Unisex) - [ shoes ],14,
Shoe Size (If Unisex) - [ shoes ],14.5,
Shoe Size (If Unisex) - [ shoes ],15,
Shoe Size (If Unisex) - [ shoes ],15.5,
Shoe Size (If Unisex) - [ shoes ],16,
Shoe Size (If Unisex) - [ shoes ],16.5,
Shoe Size (If Unisex) - [ shoes ],17,
Shoe Size (If Unisex) - [ shoes ],17.5,
Shoe Size (If Unisex) - [ shoes ],18,
Shoe Size (If Unisex) - [ shoes ],18.5,
Shoe Size (If Unisex) - [ shoes ],19,
Shoe Size (If Unisex) - [ shoes ],19.5,
Shoe Size (If Unisex) - [ shoes ],20,
Shoe Size (If Unisex) - [ shoes ],0 Months,
Shoe Size (If Unisex) - [ shoes ],3 Months,
Shoe Size (If Unisex) - [ shoes ],6 Months,
Shoe Size (If Unisex) - [ shoes ],9 Months,
Shoe Size (If Unisex) - [ shoes ],12 Months,
Shoe Size (If Unisex) - [ shoes ],15 Months,
Shoe Size (If Unisex) - [ shoes ],18 Months,
Shoe Size (If Unisex) - [ shoes ],21 Months,
Shoe Size (If Unisex) - [ shoes ],24 Months,
Shoe Size (If Unisex) - [ shoes ],2 Years,
Shoe Size (If Unisex) - [ shoes ],2.5 Years,
Shoe Size (If Unisex) - [ shoes ],3 Years,
Shoe Size (If Unisex) - [ shoes ],3.5 Years,
Shoe Size (If Unisex) - [ shoes ],4 Years,
Shoe Size (If Unisex) - [ shoes ],4.5 Years,
Shoe Size (If Unisex) - [ shoes ],5 Years,
Shoe Size (If Unisex) - [ shoes ],One Size,
Shoe Size (If Unisex) - [ shoes ],3X-Small,
Shoe Size (If Unisex) - [ shoes ],XX-Small,
Shoe Size (If Unisex) - [ shoes ],X-Small,
Shoe Size (If Unisex) - [ shoes ],Small,
Shoe Size (If Unisex) - [ shoes ],Medium,
Shoe Size (If Unisex) - [ shoes ],Large,
Shoe Size (If Unisex) - [ shoes ],X-Large,
Shoe Size (If Unisex) - [ shoes ],XX-Large,
Shoe Size (If Unisex) - [ shoes ],3X-Large,
Shoe Size To Range (If Unisex and Range) - [ shoes ],0,
Shoe Size To Range (If Unisex and Range) - [ shoes ],0.5,
Shoe Size To Range (If Unisex and Range) - [ shoes ],1,
Shoe Size To Range (If Unisex and Range) - [ shoes ],1.5,
Shoe Size To Range (If Unisex and Range) - [ shoes ],2,
Shoe Size To Range (If Unisex and Range) - [ shoes ],2.5,
Shoe Size To Range (If Unisex and Range) - [ shoes ],3,
Shoe Size To Range (If Unisex and Range) - [ shoes ],3.5,
Shoe Size To Range (If Unisex and Range) - [ shoes ],4,
Shoe Size To Range (If Unisex and Range) - [ shoes ],4.5,
Shoe Size To Range (If Unisex and Range) - [ shoes ],5,
Shoe Size To Range (If Unisex and Range) - [ shoes ],5.5,
Shoe Size To Range (If Unisex and Range) - [ shoes ],6,
Shoe Size To Range (If Unisex and Range) - [ shoes ],6.5,
Shoe Size To Range (If Unisex and Range) - [ shoes ],7,
Shoe Size To Range (If Unisex and Range) - [ shoes ],7.5,
Shoe Size To Range (If Unisex and Range) - [ shoes ],8,
Shoe Size To Range (If Unisex and Range) - [ shoes ],8.5,
Shoe Size To Range (If Unisex and Range) - [ shoes ],9,
Shoe Size To Range (If Unisex and Range) - [ shoes ],9.5,
Shoe Size To Range (If Unisex and Range) - [ shoes ],10,
Shoe Size To Range (If Unisex and Range) - [ shoes ],10.5,
Shoe Size To Range (If Unisex and Range) - [ shoes ],11,
Shoe Size To Range (If Unisex and Range) - [ shoes ],11.5,
Shoe Size To Range (If Unisex and Range) - [ shoes ],12,
Shoe Size To Range (If Unisex and Range) - [ shoes ],12.5,
Shoe Size To Range (If Unisex and Range) - [ shoes ],13,
Shoe Size To Range (If Unisex and Range) - [ shoes ],13.5,
Shoe Size To Range (If Unisex and Range) - [ shoes ],14,
Shoe Size To Range (If Unisex and Range) - [ shoes ],14.5,
Shoe Size To Range (If Unisex and Range) - [ shoes ],15,
Shoe Size To Range (If Unisex and Range) - [ shoes ],15.5,
Shoe Size To Range (If Unisex and Range) - [ shoes ],16,
Shoe Size To Range (If Unisex and Range) - [ shoes ],16.5,
Shoe Size To Range (If Unisex and Range) - [ shoes ],17,
Shoe Size To Range (If Unisex and Range) - [ shoes ],17.5,
Shoe Size To Range (If Unisex and Range) - [ shoes ],18,
Shoe Size To Range (If Unisex and Range) - [ shoes ],18.5,
Shoe Size To Range (If Unisex and Range) - [ shoes ],19,
Shoe Size To Range (If Unisex and Range) - [ shoes ],19.5,
Shoe Size To Range (If Unisex and Range) - [ shoes ],20,
Shoe Size To Range (If Unisex and Range) - [ shoes ],0 Months,
Shoe Size To Range (If Unisex and Range) - [ shoes ],3 Months,
Shoe Size To Range (If Unisex and Range) - [ shoes ],6 Months,
Shoe Size To Range (If Unisex and Range) - [ shoes ],9 Months,
Shoe Size To Range (If Unisex and Range) - [ shoes ],12 Months,
Shoe Size To Range (If Unisex and Range) - [ shoes ],15 Months,
Shoe Size To Range (If Unisex and Range) - [ shoes ],18 Months,
Shoe Size To Range (If Unisex and Range) - [ shoes ],21 Months,
Shoe Size To Range (If Unisex and Range) - [ shoes ],24 Months,
Shoe Size To Range (If Unisex and Range) - [ shoes ],2 Years,
Shoe Size To Range (If Unisex and Range) - [ shoes ],2.5 Years,
Shoe Size To Range (If Unisex and Range) - [ shoes ],3 Years,
Shoe Size To Range (If Unisex and Range) - [ shoes ],3.5 Years,
Shoe Size To Range (If Unisex and Range) - [ shoes ],4 Years,
Shoe Size To Range (If Unisex and Range) - [ shoes ],4.5 Years,
Shoe Size To Range (If Unisex and Range) - [ shoes ],5 Years,
Shoe Size To Range (If Unisex and Range) - [ shoes ],One Size,
Shoe Size To Range (If Unisex and Range) - [ shoes ],3X-Small,
Shoe Size To Range (If Unisex and Range) - [ shoes ],XX-Small,
Shoe Size To Range (If Unisex and Range) - [ shoes ],X-Small,
Shoe Size To Range (If Unisex and Range) - [ shoes ],Small,
Shoe Size To Range (If Unisex and Range) - [ shoes ],Medium,
Shoe Size To Range (If Unisex and Range) - [ shoes ],Large,
Shoe Size To Range (If Unisex and Range) - [ shoes ],X-Large,
Shoe Size To Range (If Unisex and Range) - [ shoes ],XX-Large,
Shoe Size To Range (If Unisex and Range) - [ shoes ],3X-Large,
Toe Style - [ shoes ],Aluminum Toe,
Toe Style - [ shoes ],Bump Toe,
Toe Style - [ shoes ],Closed Toe,
Toe Style - [ shoes ],Bicycle Toe,
Toe Style - [ shoes ],Moc Toe,
Toe Style - [ shoes ],Wingtip Toe,
Toe Style - [ shoes ],Peep Toe,
Toe Style - [ shoes ],Almond Toe,
Toe Style - [ shoes ],Composite Toe,
Toe Style - [ shoes ],Round Toe,
Toe Style - [ shoes ],Square Toe,
Toe Style - [ shoes ],Split Toe,
Toe Style - [ shoes ],Pointed Toe,
Toe Style - [ shoes ],Open Toe,
Toe Style - [ shoes ],Plain Toe,
Toe Style - [ shoes ],Cap Toe,
Toe Style - [ shoes ],Steel Toe,
Arch Type - [ shoes ],High Arch,
Arch Type - [ shoes ],Medium Arch,
Arch Type - [ shoes ],Low Arch,
Special Feature - [ shoes ],Antimicrobial,
Special Feature - [ shoes ],Flexible,
Special Feature - [ shoes ],Slip Resistant,
Special Feature - [ shoes ],Shock Resistant,
Special Feature - [ shoes ],Waterproof,
Special Feature - [ shoes ],All Weather Grip,
Special Feature - [ shoes ],Lightweight,
Special Feature - [ shoes ],Puncture Resistant,
Special Feature - [ shoes ],Stain Resistant,
Special Feature - [ shoes ],Breathable,
Special Feature - [ shoes ],Water Resistant,
Occasion Lifestyle - [ shoes ],Evening,
Occasion Lifestyle - [ shoes ],Club,
Occasion Lifestyle - [ shoes ],Comfort,
Occasion Lifestyle - [ shoes ],Business Casual,
Occasion Lifestyle - [ shoes ],Casual,
Occasion Lifestyle - [ shoes ],Formal,
Season - [ shoes ],Winter,
Season - [ shoes ],Summer,
Season - [ shoes ],Fall,
Season - [ shoes ],Spring,
Material Type - [ shoes ],Beaded,
Material Type - [ shoes ],Canvas,
Material Type - [ shoes ],Cotton,
Material Type - [ shoes ],Crochet,
Material Type - [ shoes ],Denim,
Material Type - [ shoes ],Faux Shearling,
Material Type - [ shoes ],Faux Fur,
Material Type - [ shoes ],Felt,
Material Type - [ shoes ],Fur,
Material Type - [ shoes ],Gore-Tex,
Material Type - [ shoes ],Hemp,
Material Type - [ shoes ],Jute,
Material Type - [ shoes ],Leather,
Material Type - [ shoes ],Mesh,
Material Type - [ shoes ],Nylon,
Material Type - [ shoes ],Polyester,
Material Type - [ shoes ],Rubber,
Material Type - [ shoes ],Satin,
Material Type - [ shoes ],Shearling,
Material Type - [ shoes ],Silk,
Material Type - [ shoes ],Straw,
Material Type - [ shoes ],Synthetic,
Material Type - [ shoes ],Velvet,
Material Type - [ shoes ],Vinyl,
Material Type - [ shoes ],Wool,
Material Type - [ shoes ],Other,
Material Type - [ shoes ],Faux Leather,
Material Type - [ shoes ],Spandex,
Material Type - [ shoes ],Polyurethane,
Material Type - [ shoes ],Neoprene,
Material Type - [ shoes ],Linen,
Material Type - [ shoes ],Suede,
Material Type - [ shoes ],Thermoplastic Rubber,
Material Type - [ shoes ],Cotton Blend,
Material Type - [ shoes ],Polyvinyl Chloride,
Sport Type - [ shoes ],Martial Arts,
Sport Type - [ shoes ],Rugby,
Sport Type - [ shoes ],Badminton,
Sport Type - [ shoes ],Dodgeball,
Sport Type - [ shoes ],Table Tennis,
Sport Type - [ shoes ],Basketball,
Sport Type - [ shoes ],Fishing,
Sport Type - [ shoes ],Squash,
Sport Type - [ shoes ],Wrestling,
Sport Type - [ shoes ],Cricket,
Sport Type - [ shoes ],Paintball,
Sport Type - [ shoes ],Snorkeling,
Sport Type - [ shoes ],Kabaddi,
Sport Type - [ shoes ],Diving,
Sport Type - [ shoes ],Swimming,
Sport Type - [ shoes ],Auto Racing,
Sport Type - [ shoes ],Gymnastics,
Sport Type - [ shoes ],Tennis,
Sport Type - [ shoes ],Cycling,
Sport Type - [ shoes ],Boxing,
Sport Type - [ shoes ],Golf,
Sport Type - [ shoes ],Hunting,
Sport Type - [ shoes ],Mixed Martial Arts,
Sport Type - [ shoes ],Bowling,
Sport Type - [ shoes ],Volleyball,
Sport Type - [ shoes ],Soccer,
Sport Type - [ shoes ],Trail Running,
Sport Type - [ shoes ],Mountaineering,
Sport Type - [ shoes ],Football,
Sport Type - [ shoes ],Kayaking,
Sport Type - [ shoes ],Hiking,
Sport Type - [ shoes ],Walking,
Sport Type - [ shoes ],Weightlifting,
Sport Type - [ shoes ],Baseball,
Sport Type - [ shoes ],Equestrian,
Sport Type - [ shoes ],Dance,
Sport Type - [ shoes ],Running,
Sport Type - [ shoes ],Lacrosse,
Sport Type - [ shoes ],Softball,
Item Type Name - [ shoes ],Clog,
Item Type Name - [ shoes ],Crib Shoe,
Item Type Name - [ shoes ],Loafer Flat,
Item Type Name - [ shoes ],Medical Service Shoe,
Item Type Name - [ shoes ],Oxford Flat,
Item Type Name - [ shoes ],Skate Shoe,
Item Type Name - [ shoes ],Mary Jane Flat,
Item Type Name - [ shoes ],Platform,
Item Type Name - [ shoes ],First Walker Shoe,
Item Type Name - [ shoes ],Food Service Shoe,
Item Type Name - [ shoes ],Construction Shoe,
Item Type Name - [ shoes ],Loafer,
Item Type Name - [ shoes ],Slipper,
Item Type Name - [ shoes ],Uniform Dress Shoe,
Item Type Name - [ shoes ],Boat Shoe,
Item Type Name - [ shoes ],School Uniform Shoe,
Item Type Name - [ shoes ],Snow Shoe,
Item Type Name - [ shoes ],Monk-Strap Loafer,
Item Type Name - [ shoes ],Uwabaki Shoe,
Item Type Name - [ shoes ],Oxford,
Item Type Name - [ shoes ],Fire and Safety Shoe,
Item Type Name - [ shoes ],Driving Style Loafer,
Item Type Name - [ shoes ],Mule,
Item Type Name - [ shoes ],Moccasin,
Item Type Name - [ shoes ],Water Shoe,
Item Type Name - [ shoes ],Pump,
Item Type Name - [ shoes ],Wheeled Heel Shoe,
Item Type Name - [ shoes ],Medical Professional Shoe,
Item Type Name - [ shoes ],Hiking Shoe,
Item Type Name - [ shoes ],Industrial Shoe,
Item Type Name - [ shoes ],Penny Loafer,
Item Type Name - [ shoes ],Health Care Professional Shoe,
Item Type Name - [ shoes ],Sneaker,
Item Type Name - [ shoes ],Ballet Flat,
Item Type Name - [ shoes ],Rain Shoe,
Item Type Name - [ shoes ],Hunting Shoe,
Occasion description - [ shoes ],Easter,
Occasion description - [ shoes ],Christmas,
Occasion description - [ shoes ],New Year,
Occasion description - [ shoes ],Wedding,
Occasion description - [ shoes ],Prom Homecoming,
Occasion description - [ shoes ],Halloween,
Occasion description - [ shoes ],Funeral,
Duration Unit - [ shoes ],Months,
Subject Character - [ shoes ],Aladdin,
Subject Character - [ shoes ],Angry Birds,
Subject Character - [ shoes ],Anna,
Subject Character - [ shoes ],Avatar,
Subject Character - [ shoes ],Avengers,
Subject Character - [ shoes ],Barbie,
Subject Character - [ shoes ],Batman,
Subject Character - [ shoes ],Ben 10,
Subject Character - [ shoes ],Bugs Bunny,
Subject Character - [ shoes ],Captain America,
Subject Character - [ shoes ],Cars,
Subject Character - [ shoes ],Chota Bheem,
Subject Character - [ shoes ],Cinderella,
Subject Character - [ shoes ],Daisy Duck,
Subject Character - [ shoes ],Disney,
Subject Character - [ shoes ],Disney Princess,
Subject Character - [ shoes ],Donald Duck,
Subject Character - [ shoes ],Dora,
Subject Character - [ shoes ],Doraemon,
Subject Character - [ shoes ],Dragonball Z,
Subject Character - [ shoes ],Elsa,
Subject Character - [ shoes ],Finding Nemo,
Subject Character - [ shoes ],Flash,
Subject Character - [ shoes ],Garfield,
Subject Character - [ shoes ],Green Lantern,
Subject Character - [ shoes ],Harry Potter,
Subject Character - [ shoes ],Hello Kitty,
Subject Character - [ shoes ],Hulk,
Subject Character - [ shoes ],Iron Man,
Subject Character - [ shoes ],Justice League,
Subject Character - [ shoes ],Kung-Fu Panda,
Subject Character - [ shoes ],Lion King,
Subject Character - [ shoes ],Marvel,
Subject Character - [ shoes ],Mickey Mouse,
Subject Character - [ shoes ],Minions,
Subject Character - [ shoes ],Minnie Mouse,
Subject Character - [ shoes ],Motu Patlu,
Subject Character - [ shoes ],Mr. Bean,
Subject Character - [ shoes ],Pokemon,
Subject Character - [ shoes ],Popeye,
Subject Character - [ shoes ],Power Rangers,
Subject Character - [ shoes ],Scooby-Doo,
Subject Character - [ shoes ],Shrek,
Subject Character - [ shoes ],Simpsons,
Subject Character - [ shoes ],Smurfs,
Subject Character - [ shoes ],Spiderman,
Subject Character - [ shoes ],SpongeBob,
Subject Character - [ shoes ],Star Trek,
Subject Character - [ shoes ],Star Wars,
Subject Character - [ shoes ],Superman,
Subject Character - [ shoes ],Tarzan,
Subject Character - [ shoes ],Thomas & Friends,
Subject Character - [ shoes ],Tom & Jerry,
Subject Character - [ shoes ],Toy Story,
Subject Character - [ shoes ],Transformers,
Subject Character - [ shoes ],Tweety,
Subject Character - [ shoes ],Winnie The Pooh,
Subject Character - [ shoes ],Wolverine,
Subject Character - [ shoes ],X-Men,
Pattern - [ shoes ],Herringbone,
Pattern - [ shoes ],Animal Print,
Pattern - [ shoes ],Letter Print,
Pattern - [ shoes ],Polka Dots,
Pattern - [ shoes ],Stars,
Pattern - [ shoes ],Cartoon,
Pattern - [ shoes ],Geometric,
Pattern - [ shoes ],Moire,
Pattern - [ shoes ],Houndstooth,
Pattern - [ shoes ],Floral,
Pattern - [ shoes ],Solid,
Pattern - [ shoes ],Checkered,
Pattern - [ shoes ],Fruits,
Pattern - [ shoes ],Paisley,
Pattern - [ shoes ],Camouflage,
Pattern - [ shoes ],Hearts,
Pattern - [ shoes ],Striped,
Pattern - [ shoes ],Plaid,
Pattern - [ shoes ],Chevron,
Pattern - [ shoes ],Argyle,
Lining Description - [ shoes ],Faux Fur,
Lining Description - [ shoes ],Faux Leather,
Lining Description - [ shoes ],Fur,
Lining Description - [ shoes ],Polyester,
Lining Description - [ shoes ],Nylon,
Lining Description - [ shoes ],Leather,
Lining Description - [ shoes ],Cashmere,
Lining Description - [ shoes ],Cotton,
Lining Description - [ shoes ],Suede,
Lining Description - [ shoes ],Natural Rubber,
Lining Description - [ shoes ],Faux Suede,
Lining Description - [ shoes ],Synthetic Rubber,
Lining Description - [ shoes ],Wool,
Lining Description - [ shoes ],Unlined,
Strap Type - [ shoes ],Ankle Strap,
Strap Type - [ shoes ],T-Strap,
Strap Type - [ shoes ],Slingback,
flash_point_unit_of_measure - [ shoes ],Kelvin,
flash_point_unit_of_measure - [ shoes ],degrees_fahrenheit,
flash_point_unit_of_measure - [ shoes ],degrees_celsius,
Is exempt from supplier declared external product identifier - [ shoes ],Yes,
Is exempt from supplier declared external product identifier - [ shoes ],No,
Skip Offer - [ shoes ],Yes,
Skip Offer - [ shoes ],No,
Minimum Advertised Price Display - [ shoes ],Policy 7,
Minimum Advertised Price Display - [ shoes ],Policy 5,
Minimum Advertised Price Display - [ shoes ],Policy 3,
Minimum Advertised Price Display - [ shoes ],Policy 4,
Minimum Advertised Price Display - [ shoes ],Policy 1,
Minimum Advertised Price Display - [ shoes ],Policy 2,
Minimum Advertised Price Display - [ shoes ],Policy 9,
Minimum Advertised Price Display - [ shoes ],Policy 10,
Minimum Advertised Price Display - [ shoes ],Policy 6,
Minimum Advertised Price Display - [ shoes ],Policy 8,
Minimum Advertised Price Display - [ shoes ],Policy 11,
Item Width Unit Of Measure - [ shoes ],FT,
Item Width Unit Of Measure - [ shoes ],CM,
Item Width Unit Of Measure - [ shoes ],MM,
Item Width Unit Of Measure - [ shoes ],DM,
Item Width Unit Of Measure - [ shoes ],Picometre,
Item Width Unit Of Measure - [ shoes ],µM,
Item Width Unit Of Measure - [ shoes ],M,
Item Width Unit Of Measure - [ shoes ],Miles,
Item Width Unit Of Measure - [ shoes ],Yards,
Item Width Unit Of Measure - [ shoes ],Mils,
Item Width Unit Of Measure - [ shoes ],IN,
Item Width Unit Of Measure - [ shoes ],Nanometre,
Item Width Unit Of Measure - [ shoes ],Hundredths-Inches,
Item Width Unit Of Measure - [ shoes ],Kilometres,
Item Width Unit Of Measure - [ shoes ],Angstrom,
Item Height Unit Of Measure - [ shoes ],FT,
Item Height Unit Of Measure - [ shoes ],CM,
Item Height Unit Of Measure - [ shoes ],MM,
Item Height Unit Of Measure - [ shoes ],DM,
Item Height Unit Of Measure - [ shoes ],Picometre,
Item Height Unit Of Measure - [ shoes ],µM,
Item Height Unit Of Measure - [ shoes ],M,
Item Height Unit Of Measure - [ shoes ],Miles,
Item Height Unit Of Measure - [ shoes ],Yards,
Item Height Unit Of Measure - [ shoes ],Mils,
Item Height Unit Of Measure - [ shoes ],IN,
Item Height Unit Of Measure - [ shoes ],Nanometre,
Item Height Unit Of Measure - [ shoes ],Hundredths-Inches,
Item Height Unit Of Measure - [ shoes ],Kilometres,
Item Height Unit Of Measure - [ shoes ],Angstrom,
Item Length Unit Of Measure - [ shoes ],FT,
Item Length Unit Of Measure - [ shoes ],CM,
Item Length Unit Of Measure - [ shoes ],MM,
Item Length Unit Of Measure - [ shoes ],DM,
Item Length Unit Of Measure - [ shoes ],Picometre,
Item Length Unit Of Measure - [ shoes ],µM,
Item Length Unit Of Measure - [ shoes ],M,
Item Length Unit Of Measure - [ shoes ],Miles,
Item Length Unit Of Measure - [ shoes ],Yards,
Item Length Unit Of Measure - [ shoes ],Mils,
Item Length Unit Of Measure - [ shoes ],IN,
Item Length Unit Of Measure - [ shoes ],Nanometre,
Item Length Unit Of Measure - [ shoes ],Hundredths-Inches,
Item Length Unit Of Measure - [ shoes ],Kilometres,
Item Length Unit Of Measure - [ shoes ],Angstrom,
Batteries are Included - [ shoes ],Yes,
Batteries are Included - [ shoes ],No,
Battery composition - [ shoes ],Lithium Ion,
Battery composition - [ shoes ],Polymer,
Battery composition - [ shoes ],Silver Oxide,
Battery composition - [ shoes ],Alkaline,
Battery composition - [ shoes ],Lithium Manganese Dioxide,
Battery composition - [ shoes ],Manganese,
Battery composition - [ shoes ],Lithium Polymer,
Battery composition - [ shoes ],Sealed Lead Acid,
Battery composition - [ shoes ],NiCAD,
Battery composition - [ shoes ],Lithium Metal,
Battery composition - [ shoes ],NiMh,
Battery composition - [ shoes ],Lead Calcium,
Battery composition - [ shoes ],Aluminum Oxygen,
Battery composition - [ shoes ],Zinc,
Battery composition - [ shoes ],Lead Acid,
Battery composition - [ shoes ],Silver-Zinc,
Battery composition - [ shoes ],Lithium-Air,
Battery composition - [ shoes ],Zinc Chloride,
Battery composition - [ shoes ],Lithium-Cobalt,
Battery composition - [ shoes ],Lithium-Phosphate,
Battery composition - [ shoes ],"Lead-Acid, AGM",
Battery composition - [ shoes ],Lithium-Thionyl Chloride (Li-SOCL2),
Battery composition - [ shoes ],Nickel Oxyhydroxide,
Battery composition - [ shoes ],Zinc Carbon,
Battery composition - [ shoes ],Lithium,
Battery composition - [ shoes ],Lithium-Nickel Cobalt Aluminium (NCA),
Battery composition - [ shoes ],Nickel-Zinc,
Battery composition - [ shoes ],Lithium-Nickel Manganese Cobalt (NMC),
Battery composition - [ shoes ],Lithium-Titanate,
Battery composition - [ shoes ],Silver-Calcium,
Battery composition - [ shoes ],Mercury Oxide,
Battery composition - [ shoes ],Nickel-Iron,
Battery composition - [ shoes ],Zinc-Air,
Lithium Battery Weight Unit Of Measure - [ shoes ],LB,
Lithium Battery Weight Unit Of Measure - [ shoes ],KG,
Lithium Battery Weight Unit Of Measure - [ shoes ],GR,
Lithium Battery Weight Unit Of Measure - [ shoes ],Hundredths Pounds,
Lithium Battery Weight Unit Of Measure - [ shoes ],MG,
Lithium Battery Weight Unit Of Measure - [ shoes ],Tons,
Lithium Battery Weight Unit Of Measure - [ shoes ],OZ,
Specific Uses for Product - [ shoes ],Maternity,
Specific Uses for Product - [ shoes ],Climbing,
Specific Uses for Product - [ shoes ],Medical,
Specific Uses for Product - [ shoes ],Hiking,
Specific Uses for Product - [ shoes ],Sports,
Item Condition - [ shoes ],"new, oem",
Item Condition - [ shoes ],Collectible - Very Good,
Item Condition - [ shoes ],Collectible - Good,
Item Condition - [ shoes ],New,
Item Condition - [ shoes ],Used - Good,
Item Condition - [ shoes ],Club,
Item Condition - [ shoes ],Collectible - Acceptable,
Item Condition - [ shoes ],"new, open_box",
Item Condition - [ shoes ],Collectible - Like New,
Item Condition - [ shoes ],Used - Like New,
Item Condition - [ shoes ],Used - Very Good,
Item Condition - [ shoes ],Used - Acceptable,
Currency - [ shoes ],JPY,
Currency - [ shoes ],MXN,
Currency - [ shoes ],EUR,
Currency - [ shoes ],GBP,
Currency - [ shoes ],USD,
Currency - [ shoes ],CAD,
Currency - [ shoes ],INR,
Currency - [ shoes ],CNY,
Product Tax Code - [ shoes ],A_TOY_ELECTRONIC,
Product Tax Code - [ shoes ],A_HLTH_INCONT,
Product Tax Code - [ shoes ],A_COMP_SOFTOP,
Product Tax Code - [ shoes ],A_BOOKS_DRAWING,
Product Tax Code - [ shoes ],A_TOY_GENERAL,
Product Tax Code - [ shoes ],A_CLTH_CAPS,
Product Tax Code - [ shoes ],A_CLTH_BOOKBAG,
Product Tax Code - [ shoes ],A_BABY_BOTTLE,
Product Tax Code - [ shoes ],A_ELECTRONIC_MP3,
Product Tax Code - [ shoes ],A_HOME_MATS,
Product Tax Code - [ shoes ],A_GEN_SUPERREDUCED,
Product Tax Code - [ shoes ],A_HOME_CLOTH,
Product Tax Code - [ shoes ],A_SCHL_ERASER,
Product Tax Code - [ shoes ],A_CLTH_RAINCOAT,
Product Tax Code - [ shoes ],A_HOME_CUTLERY,
Product Tax Code - [ shoes ],A_TOY_BATTERY,
Product Tax Code - [ shoes ],A_GEN_JEWELLERY,
Product Tax Code - [ shoes ],A_GEN_REDUCED,
Product Tax Code - [ shoes ],A_CLTH_SUNGLASS,
Product Tax Code - [ shoes ],A_COMP_INK,
Product Tax Code - [ shoes ],A_Gen_Standard,
Product Tax Code - [ shoes ],A_HOME_HANDICRAFT,
Product Tax Code - [ shoes ],A_GEN_CAMERA,
Product Tax Code - [ shoes ],A_HOME_BEDDING,
Product Tax Code - [ shoes ],A_HANDBAG_MAN,
Product Tax Code - [ shoes ],A_HLTH_FEMHYG,
Product Tax Code - [ shoes ],A_CLTH_SAREES,
Product Tax Code - [ shoes ],A_CLTH_SILKFABRIC,
Product Tax Code - [ shoes ],A_BOOKS_GEN,
Product Tax Code - [ shoes ],A_SCHL_PEN,
Product Tax Code - [ shoes ],A_GEN_WATCH,
Product Tax Code - [ shoes ],A_SCHL_RULER,
Product Tax Code - [ shoes ],A_LIGHTING_LED,
Product Tax Code - [ shoes ],A_SCHL_PASTEL,
Product Tax Code - [ shoes ],A_ELECTRONIC_SPEAKER,
Product Tax Code - [ shoes ],A_CLTH_HOSIERY,
Product Tax Code - [ shoes ],A_SCHL_PENCIL,
Product Tax Code - [ shoes ],A_ITPRODUCTS_GEN,
Product Tax Code - [ shoes ],A_SCHL_CLRDPENCIL,
Product Tax Code - [ shoes ],A_MOBILE_GEN,
Product Tax Code - [ shoes ],A_ELECTRONICS_GEN,
Product Tax Code - [ shoes ],A_SCHL_CRAYON,
Product Tax Code - [ shoes ],A_SCHL_STAPLER,
Product Tax Code - [ shoes ],A_CLTH_READYMADE,
Product Tax Code - [ shoes ],A_HANDBAG_LADY,
Product Tax Code - [ shoes ],A_PRINTEDMATTER_GEN,
Product Tax Code - [ shoes ],A_Gen_Notax,
Product Tax Code - [ shoes ],A_LIGHTING_CFL,
Product Tax Code - [ shoes ],A_CLTH_TOWEL,
Product Tax Code - [ shoes ],A_BOOK_EXEMPT,
Product Tax Code - [ shoes ],A_BABY_DIAPER,
Can Be Gift Messaged - [ shoes ],Yes,
Can Be Gift Messaged - [ shoes ],No,
Is Gift Wrap Available? - [ shoes ],Yes,
Is Gift Wrap Available? - [ shoes ],No,
Shipping-Template,Migrated Template,
Quantity Price Type - [ shoes ],Fixed,
Quantity Price Type - [ shoes ],Percent,
Pricing Action - [ shoes ],delete business_price,
